2014-12-11 14:40:02,16.4,5.0,18.0,46,83,0,0
2014-12-11 14:45:02,16.4,5.0,18.0,46,83,0,0
2014-12-11 14:50:02,16.4,5.0,18.0,46,82,0,0
2014-12-11 14:55:02,16.4,4.7,18.0,46,82,0,0
2014-12-11 15:00:02,16.3,4.5,18.0,46,81,0,0
2014-12-11 15:05:02,16.3,4.5,18.0,46,81,0,0
2014-12-11 15:10:02,16.3,4.5,18.0,46,81,0,0
2014-12-11 15:15:02,16.3,4.5,18.0,46,81,0,0
2014-12-11 15:20:02,16.3,4.6,18.0,46,81,0,0
2014-12-11 15:25:02,16.3,4.6,18.0,46,80,0,0
2014-12-11 15:30:02,16.3,4.5,18.0,45,80,0,0
2014-12-11 15:35:01,16.3,4.5,18.0,45,79,0,0
2014-12-11 15:40:03,16.2,4.5,18.0,45,80,0,0
2014-12-11 15:45:02,16.2,4.5,18.0,45,80,0,0
2014-12-11 15:50:02,16.2,4.5,18.0,45,79,0,0
2014-12-11 15:55:02,16.2,4.5,18.0,45,79,0,0
2014-12-11 16:00:02,16.2,4.4,18.0,45,79,0,0
2014-12-11 16:05:02,16.2,4.6,18.0,45,79,1,0
2014-12-11 16:10:02,16.2,4.6,18.0,45,79,0,0
2014-12-11 16:15:02,16.2,4.3,18.0,45,78,0,0
2014-12-11 16:20:02,16.2,4.2,18.0,45,77,1,0
2014-12-11 16:25:02,16.3,4.2,18.0,45,77,0,0
2014-12-11 16:30:02,16.4,4.5,18.0,45,78,0,0
2014-12-11 16:35:02,16.4,4.2,18.0,45,78,0,0
2014-12-11 16:40:02,16.4,4.1,18.0,45,78,0,0
2014-12-11 16:45:02,16.4,4.2,18.0,45,78,0,0
2014-12-11 16:50:02,16.4,4.6,18.0,45,78,1,0
2014-12-11 16:55:02,16.4,4.4,18.0,45,78,0,0
2014-12-11 17:00:02,16.4,4.1,18.0,45,78,0,0
2014-12-11 17:05:02,16.4,3.9,18.0,45,78,0,0
2014-12-11 17:10:01,16.4,3.8,18.0,45,78,0,0
2014-12-11 17:15:02,16.4,3.9,18.0,45,78,0,0
2014-12-11 17:20:02,16.4,3.7,18.0,45,78,0,0
2014-12-11 17:25:02,16.4,4.0,18.0,45,78,0,0
2014-12-11 17:30:04,16.4,4.0,18.0,45,78,0,0
2014-12-11 17:35:02,16.4,3.9,18.0,45,78,0,0
2014-12-11 17:40:02,16.4,3.9,18.0,45,78,0,0
2014-12-11 17:45:04,16.4,3.9,18.0,45,78,1,0
2014-12-11 17:50:02,16.4,4.2,18.0,45,78,0,0
2014-12-11 17:55:02,16.4,4.2,18.0,45,77,0,0
2014-12-11 18:00:02,16.4,4.6,18.0,45,77,0,0
2014-12-11 18:05:01,16.5,4.8,18.0,45,77,0,0
2014-12-11 18:10:02,16.5,4.8,18.0,45,77,0,0
2014-12-11 18:15:02,16.5,4.9,18.0,45,77,0,0
2014-12-11 18:20:02,16.4,4.8,18.0,45,76,0,0
2014-12-11 18:25:01,16.4,4.8,18.0,45,75,0,0
2014-12-11 18:30:01,16.4,4.6,18.0,45,74,0,0
2014-12-11 18:35:02,16.4,4.9,18.0,45,74,0,0
2014-12-11 18:40:06,16.4,0.0,18.0,45,0,0,0
2014-12-11 18:45:01,16.4,4.8,18.0,45,72,0,0
2014-12-11 18:50:02,16.4,4.9,18.0,45,73,0,0
2014-12-11 18:55:02,16.4,4.7,18.0,45,74,0,0
2014-12-11 19:00:02,16.4,5.0,18.0,45,73,0,0
2014-12-11 19:05:02,16.4,5.0,18.0,45,73,0,0
2014-12-11 19:10:02,16.3,4.7,18.0,45,75,1,0
2014-12-11 19:15:02,16.3,4.7,18.0,45,76,0,0
2014-12-11 19:20:02,16.3,4.6,18.0,45,77,0,0
2014-12-11 19:25:02,16.4,4.3,18.0,45,78,1,0
2014-12-11 19:30:02,16.4,4.1,18.0,45,78,0,0
2014-12-11 19:35:02,16.4,4.3,18.0,46,78,0,0
2014-12-11 19:40:02,16.4,4.2,18.0,45,78,0,0
2014-12-11 19:45:02,16.5,4.1,18.0,45,78,0,0
2014-12-11 19:50:01,16.5,4.1,18.0,45,78,0,0
2014-12-11 19:55:02,16.5,4.2,18.0,45,78,1,0
2014-12-11 20:00:02,16.4,4.5,18.0,45,78,0,0
2014-12-11 20:05:02,16.5,4.3,18.0,45,78,0,0
2014-12-11 20:10:02,16.5,4.2,18.0,45,77,0,0
2014-12-11 20:15:02,16.5,4.2,18.0,45,77,0,0
2014-12-11 20:20:02,16.5,4.4,18.0,45,77,0,0
2014-12-11 20:25:03,16.5,4.6,18.0,45,77,0,0
2014-12-11 20:30:05,16.5,4.4,18.0,45,76,0,0
2014-12-11 20:35:02,16.5,4.4,18.0,45,75,0,0
2014-12-11 20:40:04,16.5,3.9,18.0,45,76,1,0
2014-12-11 20:45:02,16.5,4.0,18.0,45,77,0,0
2014-12-11 20:50:04,16.5,4.0,18.0,45,77,0,0
2014-12-11 20:55:02,16.5,4.0,18.0,45,77,0,0
2014-12-11 21:00:02,16.5,4.2,18.0,45,76,0,0
2014-12-11 21:05:02,16.5,4.1,18.0,45,76,0,0
2014-12-11 21:10:02,16.5,4.4,18.0,45,76,0,0
2014-12-11 21:15:02,16.4,4.4,18.0,45,77,0,0
2014-12-11 21:20:02,16.5,4.6,18.0,45,76,0,0
2014-12-11 21:25:02,16.4,4.6,18.0,45,75,0,0
2014-12-11 21:35:02,16.4,4.4,18.0,45,75,0,0
2014-12-11 21:40:03,16.4,4.4,18.0,45,76,0,0
2014-12-11 21:50:02,16.3,4.6,18.0,45,77,0,0
2014-12-11 21:55:02,16.3,5.0,18.0,45,77,0,0
2014-12-11 22:00:02,16.4,5.0,18.0,45,76,0,0
2014-12-11 22:05:02,16.4,4.8,18.0,45,77,1,0
2014-12-11 22:10:02,16.4,4.8,18.0,45,78,0,0
2014-12-11 22:15:02,16.4,4.9,18.0,45,78,0,0
2014-12-11 22:20:02,16.4,4.9,18.0,45,79,0,0
2014-12-11 22:25:02,16.4,4.8,18.0,45,79,0,0
2014-12-11 22:30:02,16.4,4.9,18.0,45,79,0,0
2014-12-11 22:35:02,16.4,5.1,18.0,45,79,0,0
2014-12-11 22:40:02,16.4,5.3,18.0,45,79,1,0
2014-12-11 22:45:02,16.4,5.3,18.0,45,79,0,0
2014-12-11 22:50:02,16.5,5.3,18.0,45,79,0,0
2014-12-11 22:55:02,16.4,5.4,18.0,45,79,0,0
2014-12-11 23:00:02,16.4,5.4,18.0,45,79,0,0
2014-12-11 23:05:03,16.4,5.5,18.0,45,79,0,0
2014-12-11 23:10:02,16.4,5.5,18.0,45,79,0,0
2014-12-11 23:15:02,16.5,5.6,18.0,45,79,0,0
2014-12-11 23:20:02,16.4,5.6,18.0,45,79,0,0
2014-12-11 23:25:03,16.4,5.5,18.0,45,79,1,0
2014-12-11 23:30:04,16.4,5.5,18.0,45,79,0,0
2014-12-11 23:35:02,16.4,5.4,18.0,45,79,0,0
2014-12-11 23:40:02,16.4,5.3,18.0,45,79,0,0
2014-12-11 23:45:03,16.4,5.3,18.0,45,80,0,0
2014-12-11 23:50:02,16.4,5.3,18.0,45,80,0,0
2014-12-11 23:55:02,16.4,5.3,18.0,45,81,0,0
2014-12-12 00:00:02,16.4,5.2,18.0,45,81,0,0
2014-12-12 00:05:02,16.4,5.2,18.0,45,82,0,0
2014-12-12 00:10:02,16.4,5.2,18.0,45,82,0,0
2014-12-12 00:15:02,16.4,5.3,18.0,45,82,0,0
2014-12-12 00:20:02,16.3,5.3,18.0,45,83,0,0
2014-12-12 00:25:02,16.3,5.4,18.0,45,83,0,0
2014-12-12 00:30:03,16.3,5.4,18.0,45,83,0,0
2014-12-12 00:35:02,16.3,5.4,18.0,46,84,0,0
2014-12-12 00:40:03,16.3,5.5,18.0,46,84,0,0
2014-12-12 00:45:02,16.2,5.5,18.0,46,84,0,0
2014-12-12 00:50:02,16.2,5.6,18.0,46,84,0,0
2014-12-12 00:55:02,16.2,5.6,18.0,46,84,1,0
2014-12-12 01:00:02,16.2,5.6,18.0,46,84,0,0
2014-12-12 01:05:02,16.2,5.7,18.0,46,85,0,0
2014-12-12 01:10:03,16.2,5.8,18.0,46,85,0,0
2014-12-12 01:15:02,16.2,5.8,18.0,46,85,0,0
2014-12-12 01:20:02,16.2,5.8,18.0,46,85,1,0
2014-12-12 01:25:02,16.2,5.8,18.0,46,85,0,0
2014-12-12 01:30:02,16.3,5.8,18.0,46,85,0,0
2014-12-12 01:35:02,16.3,5.7,18.0,46,85,1,0
2014-12-12 01:40:02,16.3,5.8,18.0,46,85,0,0
2014-12-12 01:45:02,16.4,5.9,18.0,46,85,1,0
2014-12-12 01:50:02,16.4,5.9,18.0,46,86,0,0
2014-12-12 01:55:02,16.4,5.9,18.0,47,86,0,0
2014-12-12 02:00:02,16.5,6.0,18.0,47,85,0,0
2014-12-12 02:05:02,16.5,5.9,18.0,47,86,0,0
2014-12-12 02:10:02,16.5,6.0,18.0,47,85,0,0
2014-12-12 02:15:02,16.5,6.0,18.0,47,85,0,0
2014-12-12 02:20:02,16.5,6.0,18.0,47,85,0,0
2014-12-12 02:25:02,16.5,6.2,18.0,47,85,0,0
2014-12-12 02:30:02,16.5,6.2,18.0,47,85,0,0
2014-12-12 02:35:02,16.4,6.3,18.0,47,86,0,0
2014-12-12 02:40:02,16.4,6.3,18.0,47,85,0,0
2014-12-12 02:45:02,16.4,6.3,18.0,47,86,0,0
2014-12-12 02:50:02,16.4,6.3,18.0,47,86,0,0
2014-12-12 02:55:02,16.4,6.4,18.0,47,86,1,0
2014-12-12 03:00:03,16.3,6.5,18.0,47,86,0,0
2014-12-12 03:05:02,16.3,6.5,18.0,47,86,0,0
2014-12-12 03:10:02,16.4,6.4,18.0,47,86,1,0
2014-12-12 03:15:02,16.4,6.5,18.0,47,86,0,0
2014-12-12 03:20:02,16.4,6.5,18.0,47,86,0,0
2014-12-12 03:25:02,16.4,6.5,18.0,47,86,0,0
2014-12-12 03:30:02,16.4,6.5,18.0,47,86,0,0
2014-12-12 03:35:03,16.4,6.5,18.0,47,86,0,0
2014-12-12 03:40:02,16.4,6.4,18.0,47,86,0,0
2014-12-12 03:45:02,16.4,6.5,18.0,47,86,0,0
2014-12-12 03:50:02,16.4,6.5,18.0,48,86,0,0
2014-12-12 03:55:02,16.4,6.6,18.0,48,86,0,0
2014-12-12 04:00:02,16.4,6.7,18.0,48,86,1,0
2014-12-12 04:05:02,16.4,6.7,18.0,48,86,0,0
2014-12-12 04:10:02,16.4,6.7,18.0,48,86,0,0
2014-12-12 04:15:02,16.4,6.7,18.0,48,86,1,0
2014-12-12 04:20:02,16.4,6.7,18.0,48,86,0,0
2014-12-12 04:25:02,16.4,6.8,18.0,48,87,0,0
2014-12-12 04:30:02,16.4,6.8,18.0,48,87,0,0
2014-12-12 04:35:02,16.4,6.8,18.0,48,87,0,0
2014-12-12 04:40:02,16.4,6.8,18.0,48,87,0,0
2014-12-12 04:45:01,16.4,6.7,18.0,48,87,0,0
2014-12-12 04:50:02,16.4,6.7,18.0,48,87,0,0
2014-12-12 04:55:02,16.4,6.7,18.0,48,87,0,0
2014-12-12 05:00:02,16.4,6.7,18.0,48,87,0,0
2014-12-12 05:05:02,16.4,6.7,18.0,48,87,0,0
2014-12-12 05:10:02,16.4,6.6,18.0,48,87,0,0
2014-12-12 05:15:02,16.4,6.6,18.0,48,87,0,0
2014-12-12 05:20:03,16.3,6.6,18.0,48,87,0,0
2014-12-12 05:25:03,16.3,6.6,18.0,48,87,0,0
2014-12-12 05:30:02,16.3,6.6,18.0,48,87,0,0
2014-12-12 05:35:02,16.3,6.6,18.0,48,87,1,0
2014-12-12 05:40:02,16.3,6.5,18.0,48,87,0,0
2014-12-12 05:45:02,16.3,6.5,18.0,48,87,1,0
2014-12-12 05:50:02,16.3,6.5,18.0,48,87,0,0
2014-12-12 05:55:02,16.3,6.5,18.0,49,87,0,0
2014-12-12 06:00:02,16.3,6.5,18.0,49,87,1,0
2014-12-12 06:05:02,16.3,6.5,18.0,49,87,0,0
2014-12-12 06:10:02,16.4,6.5,18.0,49,87,0,0
2014-12-12 06:15:02,16.4,6.5,18.0,49,87,0,0
2014-12-12 06:20:02,16.4,6.5,18.0,49,87,0,0
2014-12-12 06:25:03,16.4,6.5,18.0,49,87,0,0
2014-12-12 06:30:02,16.4,6.5,18.0,49,87,0,0
2014-12-12 06:35:02,16.4,6.5,18.0,49,87,0,0
2014-12-12 06:40:02,16.4,6.5,18.0,49,87,0,0
2014-12-12 06:45:02,16.4,6.5,18.0,49,87,0,0
2014-12-12 06:50:02,16.4,6.5,18.0,49,87,0,0
2014-12-12 06:55:02,16.3,6.5,18.0,49,87,0,0
2014-12-12 07:00:02,16.3,6.5,18.0,49,87,1,0
2014-12-12 07:05:03,16.3,6.6,18.0,49,87,0,0
2014-12-12 07:10:02,16.3,6.6,18.0,49,87,0,0
2014-12-12 07:15:02,16.3,6.6,18.0,49,87,0,0
2014-12-12 07:20:02,16.3,6.6,18.0,49,87,0,0
2014-12-12 07:25:03,16.3,6.6,18.0,49,87,1,0
2014-12-12 07:30:01,16.3,6.6,18.0,49,87,0,0
2014-12-12 07:35:01,16.4,6.6,18.0,49,87,1,0
2014-12-12 07:40:01,16.4,6.6,18.0,49,87,0,0
2014-12-12 07:45:01,16.4,6.7,18.0,49,87,0,0
2014-12-12 07:50:02,16.5,6.7,18.0,49,87,0,0
2014-12-12 07:55:02,16.5,6.7,18.0,49,87,0,0
2014-12-12 08:00:02,16.5,6.7,18.0,49,88,0,0
2014-12-12 08:05:02,16.5,6.7,18.0,49,88,0,0
2014-12-12 08:10:02,16.5,6.7,18.0,49,88,0,0
2014-12-12 08:15:02,16.5,6.8,18.0,49,88,0,0
2014-12-12 08:20:02,16.5,6.8,18.0,49,88,0,0
2014-12-12 08:25:02,16.5,6.8,18.0,49,88,0,0
2014-12-12 08:30:02,16.5,6.8,18.0,49,88,0,0
2014-12-12 08:35:02,16.4,6.9,18.0,49,88,0,0
2014-12-12 08:40:02,16.4,6.9,18.0,49,88,1,0
2014-12-12 08:45:02,16.4,6.9,18.0,49,88,0,0
2014-12-12 08:50:02,16.4,6.9,18.0,49,88,0,0
2014-12-12 08:55:02,16.4,7.0,18.0,49,87,0,0
2014-12-12 09:00:02,16.4,7.0,18.0,49,87,0,0
2014-12-12 09:05:02,16.4,7.0,18.0,49,87,0,0
2014-12-12 09:10:02,16.4,7.0,18.0,49,87,1,0
2014-12-12 09:15:02,16.4,7.0,18.0,49,87,0,0
2014-12-12 09:20:02,16.5,7.1,18.0,49,87,0,0
2014-12-12 09:25:02,16.5,7.1,18.0,49,87,0,0
2014-12-12 09:30:02,16.5,7.2,18.0,49,87,0,0
2014-12-12 09:35:02,16.5,7.2,18.0,49,87,0,0
2014-12-12 09:40:02,16.5,7.3,18.0,49,87,0,0
2014-12-12 09:45:02,16.5,7.3,18.0,49,87,0,0
2014-12-12 09:50:02,16.4,7.4,18.0,49,87,0,0
2014-12-12 09:55:02,16.5,7.4,18.0,49,87,0,0
2014-12-12 10:00:02,16.4,7.5,18.0,49,87,0,0
2014-12-12 10:05:02,16.4,7.6,18.0,49,87,0,0
2014-12-12 10:10:04,16.4,7.6,18.0,49,87,0,0
2014-12-12 10:15:02,16.4,7.6,18.0,49,87,0,0
2014-12-12 10:20:02,16.3,7.6,18.0,50,87,1,0
2014-12-12 10:25:02,16.3,7.7,18.0,50,87,0,0
2014-12-12 10:30:02,16.4,7.7,18.0,50,87,0,0
2014-12-12 10:35:02,16.4,7.7,18.0,50,87,0,0
2014-12-12 10:40:02,16.4,7.8,18.0,50,87,0,0
2014-12-12 10:45:02,16.4,7.8,18.0,50,87,0,0
2014-12-12 10:50:02,16.4,7.8,18.0,50,87,0,0
2014-12-12 10:55:02,16.4,7.8,18.0,50,87,0,0
2014-12-12 11:00:02,16.4,7.8,18.0,50,87,0,0
2014-12-12 11:05:02,16.4,7.8,18.0,50,87,0,0
2014-12-12 11:10:02,16.4,7.9,18.0,50,86,0,0
2014-12-12 11:15:02,16.3,7.9,18.0,50,86,0,0
2014-12-12 11:20:02,16.3,7.9,18.0,50,86,0,0
2014-12-12 11:25:02,16.3,7.9,18.0,50,86,1,0
2014-12-12 11:30:02,16.3,7.9,18.0,50,86,0,0
2014-12-12 11:35:02,16.3,8.0,18.0,50,86,0,0
2014-12-12 11:40:02,16.3,8.0,18.0,50,86,0,0
2014-12-12 11:45:02,16.4,8.0,18.0,50,85,0,0
2014-12-12 11:50:02,16.4,8.0,18.0,50,85,0,0
2014-12-12 11:55:02,16.4,8.1,18.0,50,85,0,0
2014-12-12 12:05:02,16.4,8.2,18.0,50,85,0,0
2014-12-12 12:10:02,16.4,8.1,18.0,50,85,0,0
2014-12-12 12:15:02,16.4,8.1,18.0,50,85,0,0
2014-12-12 12:20:02,16.4,8.0,18.0,50,85,0,0
2014-12-12 12:25:02,16.4,7.9,18.0,50,85,0,0
2014-12-12 12:30:02,16.3,7.9,18.0,50,84,0,0
2014-12-12 12:35:02,16.3,7.9,18.0,50,84,1,0
2014-12-12 12:40:01,16.3,7.9,18.0,50,84,0,0
2014-12-12 12:45:02,16.3,7.9,18.0,50,84,0,0
2014-12-12 12:50:02,16.4,7.9,18.0,50,84,0,0
2014-12-12 12:55:02,16.4,7.9,18.0,50,84,0,0
2014-12-12 13:00:02,16.4,7.9,18.0,50,84,0,0
2014-12-12 13:05:02,16.4,7.9,18.0,50,84,0,0
2014-12-12 13:10:02,16.4,8.1,18.0,50,84,0,0
2014-12-12 13:15:02,16.4,8.0,18.0,50,84,0,0
2014-12-12 13:20:02,16.4,8.0,18.0,50,84,0,0
2014-12-12 13:25:02,16.4,8.0,18.0,50,84,0,0
2014-12-12 13:30:02,16.4,8.0,18.0,50,84,0,0
2014-12-12 13:35:02,16.4,8.0,18.0,50,84,0,0
2014-12-12 13:40:02,16.4,8.1,18.0,50,84,0,0
2014-12-12 13:45:02,16.3,8.1,18.0,50,84,1,0
2014-12-12 13:50:02,16.3,8.1,18.0,50,84,0,0
2014-12-12 13:55:02,16.4,8.1,18.0,50,84,0,0
2014-12-12 14:00:02,16.4,8.2,18.0,50,85,0,0
2014-12-12 14:05:02,16.4,8.2,18.0,50,85,0,0
2014-12-12 14:10:02,16.4,8.3,18.0,50,85,0,0
2014-12-12 14:15:02,16.4,8.3,18.0,50,85,0,0
2014-12-12 14:20:02,16.4,8.3,18.0,50,85,0,0
2014-12-12 14:25:02,16.4,8.3,18.0,50,85,0,0
2014-12-12 14:30:02,16.4,8.2,18.0,50,85,0,0
2014-12-12 14:35:02,16.4,8.2,18.0,50,85,0,0
2014-12-12 14:40:03,16.4,8.3,18.0,50,85,0,0
2014-12-12 14:45:02,16.4,8.2,18.0,50,85,0,0
2014-12-12 14:50:02,16.4,8.2,18.0,50,85,0,0
2014-12-12 14:55:02,16.4,8.2,18.0,50,85,0,0
2014-12-12 15:00:02,16.3,8.3,18.0,50,85,0,0
2014-12-12 15:05:02,16.3,8.3,18.0,50,85,0,0
2014-12-12 15:10:02,16.3,8.3,18.0,50,85,0,0
2014-12-12 15:15:01,16.3,8.3,18.0,50,85,0,0
2014-12-12 15:20:02,16.3,8.2,18.0,50,85,0,0
2014-12-12 15:25:02,16.3,7.6,18.0,50,84,0,0
2014-12-12 15:30:02,16.3,7.3,18.0,50,84,0,0
2014-12-12 15:35:02,16.3,7.2,18.0,50,84,0,0
2014-12-12 15:40:02,16.2,7.2,18.0,50,84,0,0
2014-12-12 15:45:02,16.2,7.2,18.0,50,84,0,0
2014-12-12 15:50:02,16.2,7.2,18.0,50,84,1,0
2014-12-12 15:55:02,16.2,7.2,18.0,50,85,0,0
2014-12-12 16:00:02,16.2,7.1,18.0,50,85,0,0
2014-12-12 16:05:01,16.3,7.1,18.0,50,85,0,0
2014-12-12 16:10:02,16.3,7.0,18.0,50,85,0,0
2014-12-12 16:15:02,16.3,7.0,18.0,50,85,1,0
2014-12-12 16:20:02,16.3,7.0,18.0,50,85,0,0
2014-12-12 16:25:02,16.3,7.0,18.0,50,85,0,0
2014-12-12 16:30:02,16.4,6.9,18.0,50,85,0,0
2014-12-12 16:35:02,16.4,6.9,18.0,50,86,0,0
2014-12-12 16:40:01,16.4,6.9,18.0,50,86,0,0
2014-12-12 16:45:02,16.4,6.9,18.0,50,86,0,0
2014-12-12 16:50:02,16.4,6.9,18.0,50,86,0,0
2014-12-12 16:55:02,16.4,6.9,18.0,50,86,0,0
2014-12-12 17:00:02,16.4,7.0,18.0,50,86,0,0
2014-12-12 17:05:02,16.4,7.0,18.0,50,86,0,0
2014-12-12 17:10:02,16.4,7.0,10.0,50,86,0,1
2014-12-12 17:15:02,16.4,6.9,10.0,50,86,0,1
2014-12-12 17:20:02,16.4,6.9,10.0,50,86,0,1
2014-12-12 17:25:02,16.4,6.9,10.0,50,86,0,1
2014-12-12 17:30:02,16.3,6.8,10.0,50,86,0,1
2014-12-12 17:35:02,16.3,6.7,10.0,50,86,0,1
2014-12-12 17:40:02,16.3,6.6,10.0,50,86,0,1
2014-12-12 17:45:02,16.3,6.6,10.0,50,86,0,1
2014-12-12 17:50:02,16.3,6.6,10.0,50,86,0,1
2014-12-12 17:55:02,16.3,6.6,10.0,50,86,0,1
2014-12-12 18:00:02,16.2,6.5,10.0,50,86,0,1
2014-12-12 18:05:02,16.2,6.5,10.0,50,86,0,1
2014-12-12 18:10:02,16.2,6.4,10.0,50,86,0,1
2014-12-12 18:15:02,16.2,6.4,10.0,50,86,0,1
2014-12-12 18:20:02,16.2,6.3,10.0,50,86,0,1
2014-12-12 18:25:02,16.2,6.3,10.0,50,86,0,1
2014-12-12 18:30:02,16.2,6.3,10.0,50,86,0,1
2014-12-12 18:35:05,16.2,6.3,10.0,50,86,0,1
2014-12-12 18:40:03,16.2,6.2,10.0,50,86,0,1
2014-12-12 18:45:02,16.2,6.2,10.0,50,86,0,1
2014-12-12 18:50:02,16.2,6.2,10.0,50,86,0,1
2014-12-12 18:55:02,16.2,6.9,10.0,50,87,0,1
2014-12-12 19:00:03,16.2,7.3,10.0,50,87,0,1
2014-12-12 19:05:04,16.2,7.5,10.0,50,87,0,1
2014-12-12 19:10:05,16.2,7.6,10.0,50,87,0,1
2014-12-12 19:15:02,16.2,7.6,10.0,50,87,0,1
2014-12-12 19:20:02,16.2,7.6,10.0,50,87,0,1
2014-12-12 19:25:02,16.2,7.8,10.0,50,87,0,1
2014-12-12 19:30:02,16.2,8.0,10.0,51,87,0,1
2014-12-12 19:35:02,16.2,7.9,10.0,51,87,0,1
2014-12-12 19:40:02,16.2,7.1,10.0,51,87,0,1
2014-12-12 19:45:02,16.2,6.6,10.0,50,87,0,1
2014-12-12 19:50:02,16.2,6.3,10.0,50,87,0,1
2014-12-12 19:55:02,16.2,6.1,10.0,50,86,0,1
2014-12-12 20:00:02,16.1,5.9,10.0,50,87,0,1
2014-12-12 20:05:01,16.1,5.8,10.0,50,87,0,1
2014-12-12 20:10:02,16.1,5.6,10.0,50,86,0,1
2014-12-12 20:15:02,16.1,5.4,10.0,50,86,0,1
2014-12-12 20:20:02,16.1,5.1,10.0,50,85,0,1
2014-12-12 20:25:02,16.1,5.0,10.0,50,85,0,1
2014-12-12 20:30:02,16.1,4.8,10.0,50,85,0,1
2014-12-12 20:35:01,16.1,4.6,10.0,50,84,0,1
2014-12-12 20:40:02,16.0,4.4,10.0,50,84,0,1
2014-12-12 20:45:02,16.0,4.3,10.0,50,84,0,1
2014-12-12 20:50:02,16.0,4.0,10.0,50,83,0,1
2014-12-12 20:55:02,16.0,3.9,10.0,50,83,0,1
2014-12-12 21:00:02,16.0,3.8,10.0,50,83,0,1
2014-12-12 21:05:02,16.0,3.8,10.0,50,83,0,1
2014-12-12 21:10:01,16.0,3.8,10.0,50,83,0,1
2014-12-12 21:15:01,16.0,3.7,10.0,50,83,0,1
2014-12-12 21:20:02,16.0,3.7,10.0,50,83,0,1
2014-12-12 21:25:02,16.0,3.6,10.0,50,83,0,1
2014-12-12 21:30:02,16.0,3.6,10.0,50,83,0,1
2014-12-12 21:35:02,16.0,3.5,10.0,50,83,0,1
2014-12-12 21:40:01,16.0,3.3,10.0,50,83,0,1
2014-12-12 21:45:01,16.0,3.3,10.0,50,83,0,1
2014-12-12 21:50:01,16.0,3.1,10.0,50,83,0,1
2014-12-12 21:55:01,15.9,3.2,10.0,52,83,0,1
2014-12-12 22:00:01,15.9,3.1,10.0,51,83,0,1
2014-12-12 22:05:02,15.9,3.2,10.0,51,83,0,1
2014-12-12 22:10:02,15.9,3.2,10.0,51,83,0,1
2014-12-12 22:15:02,15.9,3.1,10.0,51,83,0,1
2014-12-12 22:20:01,15.9,3.1,10.0,51,83,0,1
2014-12-12 22:25:01,15.9,3.0,10.0,51,83,0,1
2014-12-12 22:30:01,15.9,2.9,10.0,51,84,0,1
2014-12-12 22:35:01,15.9,2.9,10.0,51,84,0,1
2014-12-12 22:40:02,15.9,2.9,10.0,51,84,0,1
2014-12-12 22:45:02,15.9,3.0,10.0,51,84,0,1
2014-12-12 22:50:02,15.8,3.0,10.0,51,84,0,1
2014-12-12 22:55:01,15.8,3.1,10.0,51,84,0,1
2014-12-12 23:00:01,15.8,3.1,10.0,51,84,0,1
2014-12-12 23:05:01,15.8,3.2,10.0,51,84,0,1
2014-12-12 23:10:02,15.8,3.2,10.0,51,84,0,1
2014-12-12 23:15:01,15.8,3.2,10.0,51,84,0,1
2014-12-12 23:20:02,15.8,3.1,10.0,51,84,0,1
2014-12-12 23:25:02,15.8,3.0,10.0,50,84,0,1
2014-12-12 23:30:04,15.8,2.8,10.0,50,84,0,1
2014-12-12 23:35:01,15.8,2.7,10.0,50,84,0,1
2014-12-12 23:40:02,15.8,2.6,10.0,50,84,0,1
2014-12-12 23:45:02,15.8,2.5,10.0,50,84,0,1
2014-12-12 23:50:02,15.8,2.4,10.0,50,84,0,1
2014-12-12 23:55:02,15.8,2.5,10.0,50,84,0,1
2014-12-13 00:00:02,15.8,2.4,10.0,50,84,0,1
2014-12-13 00:05:02,15.7,2.5,10.0,50,84,0,1
2014-12-13 00:10:02,15.7,2.6,10.0,50,84,0,1
2014-12-13 00:15:02,15.7,2.7,10.0,50,84,0,1
2014-12-13 00:20:01,15.7,2.7,10.0,49,84,0,1
2014-12-13 00:25:01,15.7,2.6,10.0,49,84,0,1
2014-12-13 00:30:01,15.7,2.7,10.0,49,84,0,1
2014-12-13 00:35:02,15.7,2.6,10.0,49,84,0,1
2014-12-13 00:40:01,15.7,2.5,10.0,49,84,0,1
2014-12-13 00:45:02,15.7,2.5,10.0,49,84,0,1
2014-12-13 00:50:02,15.7,2.3,10.0,49,84,0,1
2014-12-13 00:55:02,15.7,2.1,10.0,49,83,0,1
2014-12-13 01:00:02,15.7,2.1,10.0,49,84,0,1
2014-12-13 01:05:02,15.7,2.2,10.0,49,84,0,1
2014-12-13 01:10:02,15.7,2.3,10.0,49,84,0,1
2014-12-13 01:15:02,15.7,2.2,10.0,49,84,0,1
2014-12-13 01:20:01,15.6,2.3,10.0,49,84,0,1
2014-12-13 01:25:01,15.6,2.3,10.0,49,85,0,1
2014-12-13 01:30:01,15.6,2.3,10.0,49,85,0,1
2014-12-13 01:35:01,15.6,2.3,10.0,49,85,0,1
2014-12-13 01:40:02,15.6,2.2,10.0,49,85,0,1
2014-12-13 01:45:02,15.6,2.2,10.0,49,85,0,1
2014-12-13 01:50:02,15.6,2.2,10.0,49,85,0,1
2014-12-13 01:55:02,15.6,2.2,10.0,49,85,0,1
2014-12-13 02:00:02,15.6,2.1,10.0,49,85,0,1
2014-12-13 02:05:02,15.6,1.9,10.0,49,85,0,1
2014-12-13 02:10:02,15.6,1.7,10.0,49,85,0,1
2014-12-13 02:15:02,15.6,1.6,10.0,49,85,0,1
2014-12-13 02:20:02,15.6,1.7,10.0,49,84,0,1
2014-12-13 02:25:02,15.6,1.8,10.0,49,85,0,1
2014-12-13 02:30:02,15.6,1.8,10.0,49,85,0,1
2014-12-13 02:35:02,15.6,1.8,10.0,49,85,0,1
2014-12-13 02:40:02,15.6,1.9,10.0,49,85,0,1
2014-12-13 02:45:02,15.6,1.9,10.0,49,85,0,1
2014-12-13 02:50:02,15.6,1.9,10.0,49,85,0,1
2014-12-13 02:55:02,15.6,2.0,10.0,49,85,0,1
2014-12-13 03:00:02,15.5,1.9,10.0,49,85,0,1
2014-12-13 03:05:02,15.5,1.9,10.0,49,85,0,1
2014-12-13 03:10:02,15.5,1.8,10.0,49,85,0,1
2014-12-13 03:15:02,15.5,1.8,10.0,49,85,0,1
2014-12-13 03:20:02,15.5,1.9,10.0,49,85,0,1
2014-12-13 03:25:02,15.5,2.2,10.0,48,85,0,1
2014-12-13 03:30:02,15.5,2.0,10.0,48,85,0,1
2014-12-13 03:35:01,15.5,1.9,10.0,48,85,0,1
2014-12-13 03:40:01,15.5,1.8,10.0,48,85,0,1
2014-12-13 03:45:01,15.5,1.8,10.0,48,85,0,1
2014-12-13 03:50:02,15.5,1.8,10.0,48,85,0,1
2014-12-13 03:55:02,15.5,1.8,10.0,48,85,0,1
2014-12-13 04:00:02,15.5,1.8,10.0,48,85,0,1
2014-12-13 04:05:02,15.5,1.8,10.0,48,85,0,1
2014-12-13 04:10:02,15.5,1.7,10.0,48,85,0,1
2014-12-13 04:15:02,15.4,1.8,10.0,48,86,0,1
2014-12-13 04:20:02,15.4,1.8,10.0,48,86,0,1
2014-12-13 04:25:02,15.4,1.9,10.0,48,86,0,1
2014-12-13 04:30:02,15.4,2.0,10.0,48,86,0,1
2014-12-13 04:35:02,15.4,2.0,10.0,48,86,0,1
2014-12-13 04:40:02,15.4,1.9,10.0,48,86,0,1
2014-12-13 04:45:02,15.4,1.9,10.0,48,86,0,1
2014-12-13 04:50:02,15.4,1.9,10.0,48,86,0,1
2014-12-13 04:55:02,15.4,1.9,10.0,48,86,0,1
2014-12-13 05:00:02,15.4,1.8,10.0,48,86,0,1
2014-12-13 05:05:02,15.4,1.9,10.0,48,86,0,1
2014-12-13 05:10:02,15.4,1.9,10.0,48,86,0,1
2014-12-13 05:15:02,15.4,1.9,10.0,48,86,0,1
2014-12-13 05:20:01,15.4,2.0,10.0,48,86,0,1
2014-12-13 05:25:02,15.4,2.0,10.0,48,86,0,1
2014-12-13 05:30:02,15.4,2.0,10.0,48,86,0,1
2014-12-13 05:35:02,15.3,2.0,10.0,48,86,0,1
2014-12-13 05:40:02,15.3,2.0,10.0,48,86,0,1
2014-12-13 05:45:02,15.3,2.1,10.0,48,86,0,1
2014-12-13 05:50:02,15.3,2.1,10.0,48,86,0,1
2014-12-13 05:55:02,15.3,2.1,10.0,48,86,0,1
2014-12-13 06:00:02,15.3,2.0,20.0,48,86,1,1
2014-12-13 06:05:02,15.3,2.0,20.0,48,86,1,1
2014-12-13 06:10:02,15.3,2.0,20.0,48,86,1,1
2014-12-13 06:15:01,15.4,2.0,20.0,48,86,1,1
2014-12-13 06:20:01,15.4,2.0,20.0,48,86,1,1
2014-12-13 06:25:02,15.5,2.0,20.0,48,86,1,1
2014-12-13 06:30:01,15.5,2.1,20.0,48,86,1,1
2014-12-13 06:35:02,15.6,2.2,20.0,48,87,1,1
2014-12-13 06:40:02,15.7,2.2,20.0,48,87,1,1
2014-12-13 06:45:02,15.8,2.3,20.0,48,87,1,1
2014-12-13 06:50:02,15.8,2.3,20.0,48,87,1,1
2014-12-13 06:55:02,15.9,2.3,20.0,48,87,1,1
2014-12-13 07:00:02,16.0,2.4,20.0,47,87,1,1
2014-12-13 07:05:02,16.1,2.5,20.0,47,87,1,1
2014-12-13 07:10:01,16.2,2.4,20.0,47,87,1,1
2014-12-13 07:15:02,16.3,2.3,20.0,47,87,1,1
2014-12-13 07:20:02,16.4,2.3,20.0,47,87,1,1
2014-12-13 07:25:02,16.4,2.2,20.0,47,87,1,1
2014-12-13 07:30:02,16.6,2.2,20.0,47,87,1,1
2014-12-13 07:35:02,16.6,2.3,20.0,47,87,1,1
2014-12-13 07:40:01,16.7,2.2,20.0,47,87,1,1
2014-12-13 07:45:01,16.8,2.2,20.0,47,87,1,1
2014-12-13 07:50:01,16.9,2.2,20.0,47,87,1,1
2014-12-13 07:55:01,16.9,2.1,20.0,47,87,1,1
2014-12-13 08:00:01,17.0,2.1,20.0,46,87,1,1
2014-12-13 08:05:01,17.0,2.1,20.0,46,87,1,1
2014-12-13 08:10:02,17.2,2.1,20.0,46,87,1,1
2014-12-13 08:15:02,17.3,2.3,20.0,46,87,1,1
2014-12-13 08:20:02,17.3,2.3,20.0,46,87,1,1
2014-12-13 08:25:02,17.4,2.2,20.0,46,87,1,1
2014-12-13 08:30:02,17.5,2.1,20.0,46,87,1,1
2014-12-13 08:35:02,17.5,2.1,20.0,46,87,1,1
2014-12-13 08:40:02,17.5,2.1,20.0,46,87,1,1
2014-12-13 08:45:02,17.6,2.1,20.0,46,87,1,1
2014-12-13 08:50:02,17.7,2.0,20.0,46,87,1,1
2014-12-13 08:55:02,17.7,2.0,20.0,46,87,1,1
2014-12-13 09:00:02,17.7,2.1,20.0,46,87,1,1
2014-12-13 09:05:02,17.8,2.1,20.0,46,87,1,1
2014-12-13 09:10:02,17.8,2.2,20.0,46,87,1,1
2014-12-13 09:15:02,17.9,2.2,20.0,46,87,1,1
2014-12-13 09:20:02,18.0,2.3,20.0,46,87,1,1
2014-12-13 09:25:02,18.1,2.4,20.0,45,87,1,1
2014-12-13 09:30:02,18.1,2.4,20.0,45,87,1,1
2014-12-13 09:35:02,18.2,2.6,20.0,45,87,1,1
2014-12-13 09:40:02,18.3,2.7,20.0,45,87,1,1
2014-12-13 09:45:02,18.3,2.7,20.0,45,87,1,1
2014-12-13 09:50:04,18.4,2.8,20.0,45,87,1,1
2014-12-13 09:55:02,18.4,2.9,20.0,45,87,1,1
2014-12-13 10:00:02,18.5,2.9,20.0,45,87,1,1
2014-12-13 10:05:02,18.6,3.0,20.0,45,87,1,1
2014-12-13 10:10:02,18.6,3.2,20.0,45,87,1,1
2014-12-13 10:15:02,18.6,3.2,20.0,45,87,1,1
2014-12-13 10:20:02,18.6,3.2,20.0,45,87,1,1
2014-12-13 10:25:02,18.7,3.3,20.0,45,87,1,1
2014-12-13 10:30:02,18.7,3.3,20.0,45,87,1,1
2014-12-13 10:35:02,18.8,3.4,20.0,45,87,1,1
2014-12-13 10:40:02,18.8,3.5,20.0,45,87,1,1
2014-12-13 10:45:02,18.9,3.6,20.0,45,87,1,1
2014-12-13 10:50:02,18.9,3.6,20.0,45,87,1,1
2014-12-13 10:55:02,18.9,3.6,20.0,45,87,1,1
2014-12-13 11:00:02,19.0,3.6,20.0,44,87,1,1
2014-12-13 11:05:02,19.0,3.7,20.0,44,86,1,1
2014-12-13 11:10:02,19.0,3.9,20.0,44,86,1,1
2014-12-13 11:15:01,19.1,4.0,20.0,44,86,1,1
2014-12-13 11:20:01,19.1,4.1,20.0,44,86,1,1
2014-12-13 11:25:01,19.1,4.2,20.0,44,86,1,1
2014-12-13 11:30:01,19.2,4.3,20.0,44,86,1,1
2014-12-13 11:35:01,19.2,4.2,20.0,44,86,1,1
2014-12-13 11:40:02,19.3,4.1,20.0,44,86,1,1
2014-12-13 11:45:02,19.3,4.2,20.0,44,86,1,1
2014-12-13 11:50:02,19.3,4.3,20.0,44,86,1,1
2014-12-13 11:55:02,19.4,4.3,20.0,44,86,1,1
2014-12-13 12:00:02,19.4,4.6,20.0,44,86,1,1
2014-12-13 12:05:02,19.4,4.8,20.0,44,86,1,1
2014-12-13 12:10:02,19.5,5.1,20.0,44,86,1,1
2014-12-13 12:15:01,19.5,5.1,20.0,44,86,1,1
2014-12-13 12:20:02,19.6,5.1,20.0,44,86,0,1
2014-12-13 12:25:02,19.6,5.1,20.0,44,85,0,1
2014-12-13 12:30:02,19.5,5.1,20.0,44,85,1,1
2014-12-13 12:35:02,19.4,5.1,20.0,44,85,1,1
2014-12-13 12:40:01,19.4,5.3,20.0,44,85,1,1
2014-12-13 12:45:02,19.5,5.2,20.0,44,85,1,1
2014-12-13 12:50:01,19.5,5.1,20.0,44,85,1,1
2014-12-13 12:55:01,19.5,5.1,20.0,44,85,1,1
2014-12-13 13:00:02,19.5,5.1,20.0,44,85,1,1
2014-12-13 13:05:01,19.6,5.2,20.0,44,85,0,1
2014-12-13 13:10:02,19.6,5.4,20.0,44,85,0,1
2014-12-13 13:15:02,19.5,5.5,20.0,44,85,1,1
2014-12-13 13:20:02,19.5,5.6,20.0,44,85,1,1
2014-12-13 13:25:02,19.4,5.6,20.0,44,85,1,1
2014-12-13 13:30:02,19.5,5.5,20.0,44,85,1,1
2014-12-13 13:35:02,19.5,5.5,20.0,44,85,1,1
2014-12-13 13:40:02,19.5,5.4,20.0,44,85,1,1
2014-12-13 13:45:02,19.6,5.4,20.0,44,85,0,1
2014-12-13 13:50:02,19.6,5.7,20.0,44,85,0,1
2014-12-13 13:55:02,19.5,5.8,20.0,44,85,1,1
2014-12-13 14:00:02,19.5,5.9,20.0,44,85,1,1
2014-12-13 14:05:02,19.5,5.9,20.0,44,85,1,1
2014-12-13 14:10:02,19.5,5.9,20.0,44,86,1,1
2014-12-13 14:15:02,19.6,5.9,20.0,44,86,0,1
2014-12-13 14:20:02,19.6,5.8,20.0,44,86,0,1
2014-12-13 14:25:02,19.6,5.9,20.0,44,85,0,1
2014-12-13 14:30:02,19.5,5.7,20.0,44,85,1,1
2014-12-13 14:35:02,19.4,5.7,20.0,44,85,1,1
2014-12-13 14:40:02,19.4,5.8,20.0,44,86,1,1
2014-12-13 14:45:02,19.4,5.9,20.0,44,86,1,1
2014-12-13 14:50:02,19.5,5.9,20.0,44,86,1,1
2014-12-13 14:55:02,19.5,5.9,20.0,44,86,1,1
2014-12-13 15:00:02,19.5,5.8,20.0,44,86,1,1
2014-12-13 15:05:01,19.6,5.8,20.0,44,86,0,1
2014-12-13 15:10:02,19.6,5.8,20.0,44,85,0,1
2014-12-13 15:15:02,19.6,5.6,20.0,44,85,0,1
2014-12-13 15:20:02,19.5,5.2,20.0,44,85,1,1
2014-12-13 15:25:02,19.4,4.9,20.0,44,85,1,1
2014-12-13 15:30:02,19.4,4.8,20.0,44,85,1,1
2014-12-13 15:35:02,19.5,4.8,20.0,44,85,1,1
2014-12-13 15:40:02,19.5,4.9,20.0,45,85,1,1
2014-12-13 15:45:01,19.6,5.1,20.0,45,85,0,1
2014-12-13 15:50:01,19.6,5.2,20.0,45,86,0,1
2014-12-13 15:55:01,19.6,5.2,20.0,45,86,0,1
2014-12-13 16:00:01,19.5,5.2,20.0,45,86,1,1
2014-12-13 16:05:02,19.4,5.2,20.0,45,86,1,1
2014-12-13 16:10:02,19.4,5.2,20.0,45,86,1,1
2014-12-13 16:15:02,19.4,5.2,20.0,45,86,1,1
2014-12-13 16:20:02,19.5,5.2,20.0,45,86,1,1
2014-12-13 16:25:02,19.6,5.2,20.0,45,86,0,1
2014-12-13 16:30:02,19.6,5.2,20.0,45,86,0,1
2014-12-13 16:35:02,19.6,5.2,20.0,45,87,0,1
2014-12-13 16:40:02,19.5,5.1,20.0,45,87,1,1
2014-12-13 16:45:02,19.4,5.1,20.0,45,87,1,1
2014-12-13 16:50:02,19.4,5.1,20.0,45,87,1,1
2014-12-13 16:55:02,19.4,5.1,20.0,45,87,1,1
2014-12-13 17:00:02,19.4,5.1,20.0,45,87,1,1
2014-12-13 17:05:02,19.4,5.1,20.0,45,87,1,1
2014-12-13 17:10:02,19.5,5.1,20.0,45,87,1,1
2014-12-13 17:15:02,19.5,5.2,20.0,45,87,1,1
2014-12-13 17:20:02,19.5,5.1,20.0,45,87,1,1
2014-12-13 17:25:02,19.5,5.1,20.0,45,87,1,1
2014-12-13 17:30:02,19.6,5.0,20.0,45,87,0,1
2014-12-13 17:35:02,19.6,5.0,20.0,45,87,0,1
2014-12-13 17:40:02,19.6,5.0,20.0,45,87,0,1
2014-12-13 17:45:01,19.5,4.9,20.0,45,87,1,1
2014-12-13 17:50:01,19.5,4.9,20.0,45,87,1,1
2014-12-13 17:55:01,19.5,4.9,20.0,45,88,1,1
2014-12-13 18:00:01,19.5,4.9,20.0,45,88,1,1
2014-12-13 18:05:01,19.5,4.9,20.0,45,88,1,1
2014-12-13 18:10:02,19.6,4.9,20.0,45,88,0,1
2014-12-13 18:15:02,19.6,4.9,20.0,45,88,0,1
2014-12-13 18:20:02,19.6,4.8,20.0,45,88,0,1
2014-12-13 18:25:02,19.5,4.8,20.0,45,88,1,1
2014-12-13 18:30:02,19.5,4.8,20.0,45,88,1,1
2014-12-13 18:35:02,19.5,4.8,20.0,45,88,1,1
2014-12-13 18:40:02,19.5,4.8,20.0,45,88,1,1
2014-12-13 18:45:02,19.5,4.8,20.0,45,88,1,1
2014-12-13 18:50:02,19.6,4.8,20.0,45,88,0,1
2014-12-13 18:55:02,19.6,4.8,20.0,45,88,0,1
2014-12-13 19:00:02,19.6,4.8,20.0,45,88,0,1
2014-12-13 19:05:02,19.6,4.8,20.0,45,88,0,1
2014-12-13 19:10:02,19.5,4.8,20.0,45,88,1,1
2014-12-13 19:15:02,19.5,4.7,20.0,45,88,1,1
2014-12-13 19:20:02,19.5,4.8,20.0,45,88,1,1
2014-12-13 19:25:02,19.5,4.7,20.0,45,88,1,1
2014-12-13 19:30:02,19.5,4.7,20.0,45,88,1,1
2014-12-13 19:35:02,19.6,4.6,20.0,45,88,0,1
2014-12-13 19:40:02,19.6,4.6,20.0,45,88,0,1
2014-12-13 19:45:02,19.6,4.6,20.0,45,88,0,1
2014-12-13 19:50:02,19.6,4.3,20.0,45,87,0,1
2014-12-13 19:55:02,19.5,3.9,10.0,45,87,0,1
2014-12-13 20:00:02,19.5,3.7,10.0,45,87,0,1
2014-12-13 20:05:01,19.4,3.6,10.0,45,87,0,1
2014-12-13 20:10:02,19.3,3.3,10.0,45,86,0,1
2014-12-13 20:15:02,19.3,3.1,10.0,45,86,0,1
2014-12-13 20:20:01,19.2,3.1,10.0,45,85,0,1
2014-12-13 20:25:01,19.1,2.9,10.0,45,86,0,1
2014-12-13 20:30:01,19.1,2.9,10.0,45,85,0,1
2014-12-13 20:35:02,19.0,2.9,10.0,45,85,0,1
2014-12-13 20:40:02,18.9,2.8,10.0,45,85,0,1
2014-12-13 20:45:01,18.9,2.8,10.0,45,85,0,1
2014-12-13 20:50:01,18.9,2.9,10.0,45,85,0,1
2014-12-13 20:55:01,18.8,2.7,10.0,45,85,0,1
2014-12-13 21:00:02,18.8,2.6,10.0,45,84,0,1
2014-12-13 21:05:02,18.7,2.8,10.0,45,84,0,1
2014-12-13 21:10:02,18.7,2.7,10.0,45,85,0,1
2014-12-13 21:15:02,18.6,3.0,10.0,45,84,0,1
2014-12-13 21:20:02,18.6,3.2,10.0,45,85,0,1
2014-12-13 21:25:02,18.5,3.2,10.0,45,85,0,1
2014-12-13 21:30:02,18.5,3.2,10.0,45,85,0,1
2014-12-13 21:35:02,18.5,3.1,10.0,45,85,0,1
2014-12-13 21:40:02,18.5,3.2,10.0,45,85,0,1
2014-12-13 21:45:02,18.4,3.4,10.0,45,86,0,1
2014-12-13 21:50:02,18.4,3.4,10.0,45,86,0,1
2014-12-13 21:55:02,18.4,3.5,10.0,45,86,0,1
2014-12-13 22:00:02,18.3,3.4,10.0,45,86,0,1
2014-12-13 22:05:02,18.3,3.5,10.0,45,86,0,1
2014-12-13 22:10:02,18.3,3.5,10.0,45,86,0,1
2014-12-13 22:15:02,18.2,3.6,10.0,45,86,0,1
2014-12-13 22:20:02,18.2,3.6,10.0,45,87,0,1
2014-12-13 22:25:02,18.2,3.6,10.0,45,87,0,1
2014-12-13 22:30:02,18.2,3.5,10.0,45,87,0,1
2014-12-13 22:35:02,18.1,3.5,10.0,45,87,0,1
2014-12-13 22:40:02,18.1,3.4,10.0,45,87,0,1
2014-12-13 22:45:02,18.1,3.2,10.0,45,87,0,1
2014-12-13 22:50:02,18.1,2.7,10.0,45,87,0,1
2014-12-13 22:55:02,18.0,2.3,10.0,45,86,0,1
2014-12-13 23:00:02,18.0,2.1,10.0,45,85,0,1
2014-12-13 23:05:01,18.0,1.9,10.0,45,85,0,1
2014-12-13 23:10:02,18.0,1.7,10.0,45,84,0,1
2014-12-13 23:15:02,18.0,1.7,10.0,45,84,0,1
2014-12-13 23:20:01,18.0,1.5,10.0,45,84,0,1
2014-12-13 23:25:01,17.9,1.4,10.0,45,83,0,1
2014-12-13 23:30:02,17.9,1.4,10.0,45,83,0,1
2014-12-13 23:35:02,17.9,1.3,10.0,45,83,0,1
2014-12-13 23:40:02,17.9,1.2,10.0,45,83,0,1
2014-12-13 23:45:02,17.8,1.2,10.0,45,83,0,1
2014-12-13 23:50:02,17.8,1.0,10.0,45,83,0,1
2014-12-13 23:55:01,17.8,1.3,10.0,45,83,0,1
2014-12-14 00:00:01,17.8,1.6,10.0,45,84,0,1
2014-12-14 00:05:02,17.8,1.8,10.0,45,85,0,1
2014-12-14 00:10:02,17.8,1.9,10.0,45,85,0,1
2014-12-14 00:15:02,17.7,2.1,10.0,45,85,0,1
2014-12-14 00:20:02,17.7,2.2,10.0,45,86,0,1
2014-12-14 00:25:01,17.7,2.2,10.0,45,86,0,1
2014-12-14 00:30:02,17.7,2.2,10.0,45,86,0,1
2014-12-14 00:35:02,17.7,2.0,10.0,45,86,0,1
2014-12-14 00:40:02,17.6,1.7,10.0,45,86,0,1
2014-12-14 00:45:02,17.6,1.6,10.0,45,86,0,1
2014-12-14 00:50:02,17.6,1.6,10.0,45,85,0,1
2014-12-14 00:55:02,17.6,1.9,10.0,45,86,0,1
2014-12-14 01:00:02,17.6,2.1,10.0,45,86,0,1
2014-12-14 01:05:02,17.6,1.8,10.0,45,86,0,1
2014-12-14 01:10:02,17.6,1.3,10.0,45,85,0,1
2014-12-14 01:15:02,17.5,1.2,10.0,45,85,0,1
2014-12-14 01:20:02,17.5,0.9,10.0,45,85,0,1
2014-12-14 01:25:02,17.5,0.9,10.0,45,84,0,1
2014-12-14 01:30:02,17.5,0.7,10.0,45,84,0,1
2014-12-14 01:35:02,17.5,0.7,10.0,45,83,0,1
2014-12-14 01:40:01,17.5,0.6,10.0,45,83,0,1
2014-12-14 01:45:02,17.5,0.6,10.0,45,83,0,1
2014-12-14 01:50:02,17.4,0.4,10.0,45,83,0,1
2014-12-14 01:55:02,17.4,0.4,10.0,45,83,0,1
2014-12-14 02:00:02,17.4,0.4,10.0,45,83,0,1
2014-12-14 02:05:02,17.4,0.4,10.0,45,83,0,1
2014-12-14 02:10:02,17.4,0.3,10.0,45,83,0,1
2014-12-14 02:15:02,17.4,0.5,10.0,45,83,0,1
2014-12-14 02:20:02,17.4,0.3,10.0,45,83,0,1
2014-12-14 02:25:02,17.4,0.4,10.0,45,83,0,1
2014-12-14 02:30:02,17.3,0.5,10.0,45,84,0,1
2014-12-14 02:35:02,17.3,0.8,10.0,45,84,0,1
2014-12-14 02:40:02,17.3,1.1,10.0,45,85,0,1
2014-12-14 02:45:02,17.3,1.4,10.0,45,85,0,1
2014-12-14 02:50:02,17.3,1.6,10.0,45,86,0,1
2014-12-14 02:55:02,17.3,1.6,10.0,45,86,0,1
2014-12-14 03:00:02,17.3,1.6,10.0,45,86,0,1
2014-12-14 03:05:02,17.2,1.7,10.0,45,87,0,1
2014-12-14 03:10:02,17.2,1.6,10.0,45,87,0,1
2014-12-14 03:15:02,17.2,1.6,10.0,45,87,0,1
2014-12-14 03:20:03,17.2,1.5,10.0,45,87,0,1
2014-12-14 03:25:02,17.2,1.3,10.0,44,87,0,1
2014-12-14 03:30:02,17.2,1.2,10.0,44,86,0,1
2014-12-14 03:35:02,17.2,1.1,10.0,44,86,0,1
2014-12-14 03:40:01,17.2,0.8,10.0,44,86,0,1
2014-12-14 03:45:01,17.1,0.8,10.0,44,86,0,1
2014-12-14 03:50:01,17.1,0.7,10.0,44,86,0,1
2014-12-14 03:55:01,17.1,0.7,10.0,44,86,0,1
2014-12-14 04:00:01,17.1,0.9,10.0,44,86,0,1
2014-12-14 04:05:01,17.1,1.1,10.0,44,86,0,1
2014-12-14 04:10:01,17.1,1.0,10.0,44,86,0,1
2014-12-14 04:15:02,17.1,1.0,10.0,44,86,0,1
2014-12-14 04:20:02,17.1,1.0,10.0,44,86,0,1
2014-12-14 04:25:02,17.1,0.9,10.0,44,86,0,1
2014-12-14 04:30:02,17.1,0.9,10.0,44,86,0,1
2014-12-14 04:35:02,17.0,0.9,10.0,44,86,0,1
2014-12-14 04:40:02,17.0,0.8,10.0,44,86,0,1
2014-12-14 04:45:02,17.0,0.7,10.0,44,86,0,1
2014-12-14 04:50:02,17.0,0.7,10.0,44,86,0,1
2014-12-14 04:55:02,17.0,0.6,10.0,44,86,0,1
2014-12-14 05:00:02,17.0,0.5,10.0,44,86,0,1
2014-12-14 05:05:02,17.0,0.2,10.0,44,86,0,1
2014-12-14 05:10:02,17.0,0.2,10.0,44,85,0,1
2014-12-14 05:15:02,17.0,0.1,10.0,44,85,0,1
2014-12-14 05:20:01,16.9,0.1,10.0,44,85,0,1
2014-12-14 05:25:02,16.9,0.0,10.0,44,85,0,1
2014-12-14 05:30:02,16.9,0.0,10.0,44,85,0,1
2014-12-14 05:35:02,16.9,0.0,10.0,44,85,0,1
2014-12-14 05:40:02,16.9,0.1,10.0,44,85,0,1
2014-12-14 05:45:02,16.9,0.2,10.0,44,85,0,1
2014-12-14 05:50:02,16.9,0.0,10.0,44,85,0,1
2014-12-14 05:55:02,16.9,-0.2,10.0,44,84,0,1
2014-12-14 06:00:02,16.9,-0.2,10.0,44,84,0,1
2014-12-14 06:05:02,16.9,-0.2,10.0,44,84,0,1
2014-12-14 06:10:01,16.8,-0.1,10.0,44,84,0,1
2014-12-14 06:15:02,16.8,-0.3,10.0,44,84,0,1
2014-12-14 06:20:02,16.8,-0.5,10.0,44,84,0,1
2014-12-14 06:25:03,16.8,-0.7,10.0,44,84,0,1
2014-12-14 06:30:01,16.8,-0.8,10.0,44,83,0,1
2014-12-14 06:35:01,16.8,-0.8,10.0,44,83,0,1
2014-12-14 06:40:02,16.8,-0.9,10.0,44,83,0,1
2014-12-14 06:45:02,16.8,-0.9,10.0,44,83,0,1
2014-12-14 06:50:01,16.7,-0.9,10.0,44,83,0,1
2014-12-14 06:55:01,16.7,-0.9,10.0,44,82,0,1
2014-12-14 07:00:01,16.7,-0.7,10.0,44,82,0,1
2014-12-14 07:05:01,16.7,-0.3,10.0,44,83,0,1
2014-12-14 07:10:02,16.7,-0.7,10.0,44,83,0,1
2014-12-14 07:15:02,16.7,-0.9,10.0,44,83,0,1
2014-12-14 07:20:02,16.7,-0.9,10.0,44,83,0,1
2014-12-14 07:25:02,16.7,-0.7,10.0,44,83,0,1
2014-12-14 07:30:02,16.7,-0.5,10.0,44,84,0,1
2014-12-14 07:35:02,16.7,-0.5,10.0,44,84,0,1
2014-12-14 07:40:01,16.6,-0.6,10.0,44,84,0,1
2014-12-14 07:45:01,16.6,-0.7,10.0,44,84,0,1
2014-12-14 07:50:01,16.6,-0.9,10.0,44,84,0,1
2014-12-14 07:55:01,16.6,-1.0,10.0,44,84,0,1
2014-12-14 08:00:01,16.6,-0.8,10.0,44,84,0,1
2014-12-14 08:05:02,16.6,-0.7,10.0,44,84,0,1
2014-12-14 08:10:02,16.6,-0.7,10.0,44,84,0,1
2014-12-14 08:15:02,16.6,-0.8,10.0,43,84,0,1
2014-12-14 08:20:02,16.5,-0.9,10.0,43,84,0,1
2014-12-14 08:25:02,16.5,-0.9,10.0,43,84,0,1
2014-12-14 08:30:02,16.5,-0.9,10.0,43,84,0,1
2014-12-14 08:35:02,16.5,-1.0,10.0,43,84,0,1
2014-12-14 08:40:02,16.5,-1.3,10.0,43,84,0,1
2014-12-14 08:45:02,16.5,-1.3,10.0,43,83,0,1
2014-12-14 08:50:02,16.5,-1.2,10.0,43,83,0,1
2014-12-14 08:55:02,16.5,-1.4,10.0,43,83,0,1
2014-12-14 09:00:02,16.5,-1.5,10.0,43,83,0,1
2014-12-14 09:05:02,16.5,-1.3,10.0,43,83,0,1
2014-12-14 09:10:02,16.5,-1.2,10.0,43,83,0,1
2014-12-14 09:15:02,16.5,-1.2,10.0,43,83,0,1
2014-12-14 09:20:02,16.4,-1.3,10.0,43,82,0,1
2014-12-14 09:25:02,16.4,-1.2,10.0,43,83,0,1
2014-12-14 09:30:02,16.4,-1.1,10.0,43,83,0,1
2014-12-14 09:35:02,16.4,-0.9,10.0,43,83,0,1
2014-12-14 09:40:02,16.4,-0.9,10.0,43,83,0,1
2014-12-14 09:45:02,16.4,-0.7,10.0,43,84,0,1
2014-12-14 09:50:02,16.4,-0.7,10.0,43,84,0,1
2014-12-14 09:55:02,16.4,-0.6,10.0,43,84,0,1
2014-12-14 10:00:02,16.4,-0.5,10.0,43,84,0,1
2014-12-14 10:05:01,16.4,-0.4,10.0,43,85,0,1
2014-12-14 10:10:02,16.4,-0.3,10.0,43,85,0,1
2014-12-14 10:15:02,16.3,0.0,10.0,43,85,0,1
2014-12-14 10:20:02,16.3,0.0,10.0,43,85,0,1
2014-12-14 10:25:02,16.3,0.0,10.0,43,85,0,1
2014-12-14 10:30:02,16.3,0.3,10.0,43,85,0,1
2014-12-14 10:35:02,16.3,0.3,10.0,43,86,0,1
2014-12-14 10:40:01,16.3,0.4,10.0,43,86,0,1
2014-12-14 10:45:01,16.4,0.5,10.0,43,86,0,1
2014-12-14 10:50:01,16.5,0.6,10.0,43,86,0,1
2014-12-14 10:55:01,16.9,0.7,10.0,43,86,0,1
2014-12-14 11:00:02,17.3,0.7,10.0,43,86,0,1
2014-12-14 11:05:02,17.7,0.8,10.0,43,86,0,1
2014-12-14 11:10:02,18.1,0.9,10.0,42,86,0,1
2014-12-14 11:15:02,18.4,0.9,10.0,42,86,0,1
2014-12-14 11:20:02,18.7,1.0,10.0,42,86,0,1
2014-12-14 11:25:02,19.0,1.1,10.0,42,86,0,1
2014-12-14 11:30:02,19.2,1.1,10.0,41,86,0,1
2014-12-14 11:35:02,19.3,1.2,10.0,41,86,0,1
2014-12-14 11:40:02,19.3,1.2,10.0,41,86,0,1
2014-12-14 11:45:02,19.3,1.3,10.0,41,86,0,1
2014-12-14 11:50:02,19.3,1.4,10.0,41,86,0,1
2014-12-14 11:55:02,19.6,1.5,10.0,41,86,0,1
2014-12-14 12:00:02,19.6,1.5,10.0,41,86,0,1
2014-12-14 12:05:02,19.5,1.6,10.0,40,86,0,1
2014-12-14 12:10:02,19.5,1.6,10.0,40,86,0,1
2014-12-14 12:15:02,19.4,1.7,10.0,40,86,0,1
2014-12-14 12:20:02,19.4,1.8,10.0,40,86,0,1
2014-12-14 12:25:02,19.4,1.8,10.0,40,87,0,1
2014-12-14 12:30:02,19.4,1.8,10.0,41,86,0,1
2014-12-14 12:35:02,19.3,2.0,10.0,41,86,0,1
2014-12-14 12:40:02,19.3,2.0,10.0,41,86,0,1
2014-12-14 12:45:01,19.2,2.0,10.0,41,86,0,1
2014-12-14 12:50:02,19.2,2.1,10.0,41,86,0,1
2014-12-14 12:55:01,19.1,2.1,10.0,41,86,0,1
2014-12-14 13:00:01,19.1,2.1,10.0,41,86,0,1
2014-12-14 13:05:01,19.1,2.2,10.0,41,86,0,1
2014-12-14 13:10:02,19.1,2.3,10.0,41,86,0,1
2014-12-14 13:15:02,19.1,2.3,10.0,41,86,0,1
2014-12-14 13:20:02,19.0,2.3,10.0,41,86,0,1
2014-12-14 13:25:01,19.0,2.3,10.0,41,86,0,1
2014-12-14 13:30:01,19.0,2.4,10.0,41,86,0,1
2014-12-14 13:35:01,19.0,2.4,10.0,41,86,0,1
2014-12-14 13:40:02,19.0,2.3,10.0,42,86,0,1
2014-12-14 13:45:02,19.0,2.4,10.0,42,86,0,1
2014-12-14 13:50:02,18.9,2.4,10.0,42,86,0,1
2014-12-14 13:55:02,18.9,2.4,10.0,42,86,0,1
2014-12-14 14:00:02,18.9,2.4,10.0,42,86,0,1
2014-12-14 14:05:02,18.9,2.4,10.0,42,86,0,1
2014-12-14 14:10:02,18.9,2.5,10.0,42,86,0,1
2014-12-14 14:15:01,18.9,2.5,10.0,42,86,0,1
2014-12-14 14:20:03,18.8,2.5,10.0,42,86,0,1
2014-12-14 14:25:02,18.8,2.4,10.0,42,86,0,1
2014-12-14 14:30:02,18.8,2.3,10.0,42,86,0,1
2014-12-14 14:35:02,18.8,2.4,10.0,42,86,0,1
2014-12-14 14:40:02,18.7,2.4,10.0,42,86,0,1
2014-12-14 14:45:02,18.8,2.4,10.0,42,86,0,1
2014-12-14 14:50:02,18.8,2.5,10.0,42,86,0,1
2014-12-14 14:55:02,18.7,2.5,10.0,42,86,0,1
2014-12-14 15:00:02,18.6,2.6,10.0,42,86,0,1
